<mdcf.core.ctypes.AppModuleSignature>
  <type>PulseOx_Logic_Process</type>
  <moduleTasks>
    <mdcf.core.ctypes.TaskSignature>
      <type>PERIODIC</type>
      <trigPortName><!-- Placeholder value: Periodic
      tasks are triggered by time, not message
      arrival -->Placeholder</trigPortName>
      <periodMs>50</periodMs>
      <taskName>CheckSpO2ThreadTask</taskName>
      <deadlineMs>50</deadlineMs>
      <wcetMs>5</wcetMs>
    </mdcf.core.ctypes.TaskSignature>
  </moduleTasks>
  <portSignatures>
    <entry>
      <string>SpO2In</string>
      <mdcf.core.ctypes.PortSignature>
        <portName>SpO2In</portName>
        <portDirection>SUBSCRIBE</portDirection>
        <minPeriod>100</minPeriod>
        <maxPeriod>300</maxPeriod>
        <portType>Integer</portType>
      </mdcf.core.ctypes.PortSignature>
    </entry>
    <entry>
      <string>DerivedAlarmOut</string>
      <mdcf.core.ctypes.PortSignature>
        <portName>DerivedAlarmOut</portName>
        <portDirection>PUBLISH</portDirection>
        <minPeriod>200</minPeriod>
        <maxPeriod>400</maxPeriod>
        <portType>Object</portType>
      </mdcf.core.ctypes.PortSignature>
    </entry>
  </portSignatures>
</mdcf.core.ctypes.AppModuleSignature>