<mdcf.core.ctypes.AppModuleSignature>
  <type>PulseOx_Display_Process</type>
  <moduleTasks>
    <mdcf.core.ctypes.TaskSignature>
      <type>PORT_SPORADIC</type>
      <trigPortName>DerivedAlarmIn</trigPortName>
      <periodMs><!-- Placeholder value: Sporadic 
      task's periods are derived from their 
      triggering port -->-1</periodMs>
      <taskName>HandleAlarmThreadTask</taskName>
      <deadlineMs>75</deadlineMs>
      <wcetMs>7</wcetMs>
    </mdcf.core.ctypes.TaskSignature>
    <mdcf.core.ctypes.TaskSignature>
      <type>PORT_SPORADIC</type>
      <trigPortName>SpO2In</trigPortName>
      <periodMs><!-- Placeholder value: Sporadic 
      task's periods are derived from their 
      triggering port -->-1</periodMs>
      <taskName>UpdateSpO2ThreadTask</taskName>
      <deadlineMs>50</deadlineMs>
      <wcetMs>5</wcetMs>
    </mdcf.core.ctypes.TaskSignature>
  </moduleTasks>
  <portSignatures>
    <entry>
      <string>SpO2In</string>
      <mdcf.core.ctypes.PortSignature>
        <portName>SpO2In</portName>
        <portDirection>SUBSCRIBE</portDirection>
        <minPeriod>100</minPeriod>
        <maxPeriod>300</maxPeriod>
        <portType>Integer</portType>
      </mdcf.core.ctypes.PortSignature>
    </entry>
    <entry>
      <string>DerivedAlarmIn</string>
      <mdcf.core.ctypes.PortSignature>
        <portName>DerivedAlarmIn</portName>
        <portDirection>SUBSCRIBE</portDirection>
        <minPeriod>100</minPeriod>
        <maxPeriod>300</maxPeriod>
        <portType>Object</portType>
      </mdcf.core.ctypes.PortSignature>
    </entry>
  </portSignatures>
</mdcf.core.ctypes.AppModuleSignature>