<mdcf.core.app.AppSpec>
  <appName>PulseOx_Forwarding_System</appName>
  <components>
    <mdcf.core.app.VirtualComponent>
      <name>appLogic</name>
      <type>PulseOx_Logic_Process</type>
      <role>Logic</role>
    </mdcf.core.app.VirtualComponent> 
    <mdcf.core.app.VirtualComponent>
      <name>appDisplay</name>
      <type>PulseOx_Display_Process</type>
      <role>AppPanel</role>
    </mdcf.core.app.VirtualComponent> 
    <mdcf.core.app.VirtualComponent>
      <name>pulseOx</name>
      <type>ICEpoInterface</type>
      <role>Logic</role>
    </mdcf.core.app.VirtualComponent> 

  </components>
  <channels>
    <mdcf.core.app.Channel>
      <chanName>$PLACEHOLDER$</chanName>
      <pubName>$PLACEHOLDER$</pubName>
      <subName>RawSpO2In</subName>
      <pubComp>
        <name>$PLACEHOLDER$</name>
        <type>$PLACEHOLDER$</type>
        <role>Device</role>
      </pubComp>
      <subComp>
        <name>pulseOx</name>
        <type>ICEpoInterface</type>
        <role>Logic</role>
      </subComp>
      <channelDelay>100</channelDelay>
    </mdcf.core.app.Channel>
    <mdcf.core.app.Channel>
      <chanName>$PLACEHOLDER$</chanName>
      <pubName>SpO2Out</pubName>
      <subName>SpO2In</subName>
      <pubComp>
        <name>pulseOx</name>
        <type>ICEpoInterface</type>
        <role>Logic</role>
      </pubComp>
      <subComp>
        <name>appLogic</name>
        <type>PulseOx_Logic_Process</type>
        <role>Logic</role>
      </subComp>
      <channelDelay>100</channelDelay>
    </mdcf.core.app.Channel>

    <mdcf.core.app.Channel>
      <chanName>$PLACEHOLDER$</chanName>
      <pubName>$PLACEHOLDER$</pubName>
      <subName>RawSpO2In</subName>
      <pubComp>
        <name>$PLACEHOLDER$</name>
        <type>$PLACEHOLDER$</type>
        <role>Device</role>
      </pubComp>
      <subComp>
        <name>pulseOx</name>
        <type>ICEpoInterface</type>
        <role>Logic</role>
      </subComp>
      <channelDelay>150</channelDelay>
    </mdcf.core.app.Channel>
    <mdcf.core.app.Channel>
      <chanName>$PLACEHOLDER$</chanName>
      <pubName>SpO2Out</pubName>
      <subName>SpO2In</subName>
      <pubComp>
        <name>pulseOx</name>
        <type>ICEpoInterface</type>
        <role>Logic</role>
      </pubComp>
      <subComp>
        <name>appDisplay</name>
        <type>PulseOx_Display_Process</type>
        <role>AppPanel</role>
      </subComp>
      <channelDelay>150</channelDelay>
    </mdcf.core.app.Channel>

    <mdcf.core.app.Channel>
      <chanName>$PLACEHOLDER$</chanName>
      <pubName>DerivedAlarmOut</pubName>
      <subName>DerivedAlarmIn</subName>
      <pubComp>
        <name>appLogic</name>
        <type>PulseOx_Logic_Process</type>
        <role>Logic</role>
      </pubComp>
      <subComp>
        <name>appDisplay</name>
        <type>PulseOx_Display_Process</type>
        <role>AppPanel</role>
      </subComp>
      <channelDelay>100</channelDelay>
    </mdcf.core.app.Channel>


  </channels>
</mdcf.core.app.AppSpec>